{
  "input_csv": "outputs/stage4_structured_retrieval_full_evidence_skip.csv",
  "rows_total": 1987,
  "rows_with_all_three_labels": 1987,
  "low_eq_mid": 0.770508303975843,
  "low_eq_high": 0.7810770005032712,
  "mid_eq_high": 0.7881227981882235,
  "all_equal": 0.688475088072471,
  "any_pair_equal": 0.9627579265223956,
  "all_different": 0.03724207347760443,
  "low_eq_mid_count": 1531,
  "low_eq_high_count": 1552,
  "mid_eq_high_count": 1566,
  "all_equal_count": 1368,
  "any_pair_equal_count": 1913,
  "all_different_count": 74
}